eez,stressor,mean_imp
1,direct_human,0.005684496188507958
1,light,6.384867735398056e-4
1,nutrient,0.0022140392962068677
1,ocean_acidification,0.036860964330038465
1,sea_level_rise,0.001561023774641608
1,sst_extremes,0.095912467561844
1,sst_rise,0.0069881044316356215
1,uv_radiation,0.048950888156929995
